Transaction Hash,Block Height,Date,Receiving address,Peer Cluster,Peer Name,Peer Category,Sent
a6a1c3e02bfe6ba0d49205841a066b7655070cf15d88baf7ff626051cfe39ee4,449876,2017-01-25 03:04:35,1D38A8TJHAQfEGdoirE1WpXPEh7NMNHT5L,1D38A8TJHAQfEGdoirE1WpXPEh7NMNHT5L,,,4.04631276
af16fea36591e43651d0f90c689a191e71f39f139c8c6c76ca6a94de1defbad9,449876,2017-01-25 03:04:35,1nL6u6dyeF5cp2vTvsG2jjfMqxQm1Z3fb,1D38A8TJHAQfEGdoirE1WpXPEh7NMNHT5L,,,4.0455642
443706320e569141074a7ba6d3b488b3142928e386f1d4ca3ad0cbc3ea58eeb6,449876,2017-01-25 03:04:35,1D1LKbyLcWSsayaQwZYpE81Wnguhfgx14i,1D38A8TJHAQfEGdoirE1WpXPEh7NMNHT5L,,,3.99877463
025e804d46520b0350dc5673df47feb2ea6c2690bd21e9e3fccc28e81c4cbfac,449876,2017-01-25 03:04:35,15RDbnXTpUeHqdK8S4CCVeukQseYs6kEBK,1D38A8TJHAQfEGdoirE1WpXPEh7NMNHT5L,,,3.9926336
162dd46b873da7348f9a482063e0a39923b1a43fda29d0f0a374fa0de5407279,449876,2017-01-25 03:04:35,172gmUnva3vF1XsPwjkzJmwD8iFkbiqZse,1D38A8TJHAQfEGdoirE1WpXPEh7NMNHT5L,,,4.07657504
a67bf29545ee84fe3a3ad986a1a8d5d0d6fce54b51eaff5ca58e052ebbe4d16a,449876,2017-01-25 03:04:35,1N5Xu9k4yLxwMu1rTnYFxuZPzPUC1fwmYC,1D38A8TJHAQfEGdoirE1WpXPEh7NMNHT5L,,,3.44635123
8f60c0acda1ef5e8495b110d30a631cd3d9f7bfb1124e3ea03e837dfd0a5bd47,449876,2017-01-25 03:04:35,1BPZaKFVDYkcXGNHzrNkdFoyh1XnJCQnqH,1D38A8TJHAQfEGdoirE1WpXPEh7NMNHT5L,,,4.01232409
7d997d851c70f28e8caf8b5aa1a90418b932568752bb4880ef1dac5f61ecc60d,449876,2017-01-25 03:04:35,1P3VS5QUHmBGYrmLGo2MCUNDQHQQfCT5Qc,1D38A8TJHAQfEGdoirE1WpXPEh7NMNHT5L,,,4.04438316
3bd302215796ce0498c981a35fd83f6ad46a22226f4bc8e0b8788555762a030b,449876,2017-01-25 03:04:35,1HFYcUHHBqqZKftMpMxxwCda9wQz36TKoQ,1D38A8TJHAQfEGdoirE1WpXPEh7NMNHT5L,,,4.07431085
77c85df8ef405ef4ef9301654b92a21c8a84fa21e875009069dbf801105abd00,449876,2017-01-25 03:04:35,1FJdASDHPZHd84RHDSNz7KM9EtkYdczz1j,1D38A8TJHAQfEGdoirE1WpXPEh7NMNHT5L,,,4.09578976
4e6a3867e5bdb6a8320bc03271e836a9e2e3a889978c4f2a3ba457ea9aa507ee,449876,2017-01-25 03:04:35,1NoAt9Y5xkFNkjFnnZDnBAmRHUuEQfpKn4,1D38A8TJHAQfEGdoirE1WpXPEh7NMNHT5L,,,4.03686362
acc0306a3b5be24958f886282302607c014680c21bbaa865c3c44618688d19e3,449876,2017-01-25 03:04:35,1Hxv2FAfByLM3qH5mbtJa5bED1iLkgwv3f,1D38A8TJHAQfEGdoirE1WpXPEh7NMNHT5L,,,4.11015404
5aeafabdd2f7147b47423a8976ddbff9d84092e8774dfb59ccbc8ce7be97f1d4,449876,2017-01-25 03:04:35,16WNRBcgrahtcnCtfeor3az8TXBJCEDwEV,1D38A8TJHAQfEGdoirE1WpXPEh7NMNHT5L,,,3.9915
bf63f15e6c46b6d7bad9455b8b295c9d356e735183f4ed854f1f5ea58a6ef4d0,449876,2017-01-25 03:04:35,1N4nt5izzyyRdaU6UcsWUgoLG9LL854bsF,1D38A8TJHAQfEGdoirE1WpXPEh7NMNHT5L,,,3.57513205
bf6dd7969eff9dbfc7d1319739821d6e1fa7d89d2100e221697de74c393521b6,449876,2017-01-25 03:04:35,16pt3mppoSKJnmM6ndHgpT94YesKbrekmK,1D38A8TJHAQfEGdoirE1WpXPEh7NMNHT5L,,,4.00202962
0a31b48a6dcb90ba670028acfd9d14bdbb65be7d1834ee9e4741a27bc13401b5,449876,2017-01-25 03:04:35,1G6n9fayEV1b99LARuyWMm8B6qNTBhaDgu,1D38A8TJHAQfEGdoirE1WpXPEh7NMNHT5L,,,4.02663908
86b5ea7989bdf70ae5878c9fb0d0ddde585d9b5d2aff6f0915b6048be088439f,449876,2017-01-25 03:04:35,1JfYJxBhaXvRzd9GuRZwxkXk8cn2nWjrV,1D38A8TJHAQfEGdoirE1WpXPEh7NMNHT5L,,,4.00461381
746d4a03b86611cf935c6eaa26ce9e96489551fc9f165ec0df734a0836820a98,449876,2017-01-25 03:04:35,1NH71TnJHVqXGdm3Bg5bRnZ7P6u8HAh5wm,1D38A8TJHAQfEGdoirE1WpXPEh7NMNHT5L,,,4.0381834
0e366e9a7a1dcd2cd38477ba9616af7b2a8a143221f97fc3832ad1f47b43da95,449876,2017-01-25 03:04:35,1CZMRaNNEL1CLC2KjAECBBxeavnBri6XVe,1D38A8TJHAQfEGdoirE1WpXPEh7NMNHT5L,,,4.00537421
f6343e8a1a67280281ed012bb0c982c1ac7adb7082200751619bfcb7fe469b90,449876,2017-01-25 03:04:35,1J5mvtr8GNcuNeQV8tkW3XKkNJiFK8dsS2,1D38A8TJHAQfEGdoirE1WpXPEh7NMNHT5L,,,4.03544215
70cbeb4e72b1ea803ff8f36813b21327d629d681b96df3682123c8c1c7615c7f,449876,2017-01-25 03:04:35,1PuB4mjLxGtDc7ZuUfdznKNbLCKRSFjo5o,1D38A8TJHAQfEGdoirE1WpXPEh7NMNHT5L,,,4.0827086
01291fcdf00aed7bed26b21744d84ac6ac260af103a92fcc1987359abafa2351,449876,2017-01-25 03:04:35,1PcnS872jdFRApRw7zm1Cu6fWcx3cu3GLM,1D38A8TJHAQfEGdoirE1WpXPEh7NMNHT5L,,,3.99270166
c35504aa47498bcd02cf681b69d9f882b108d2a6b009aa09cb9b90d019e20c22,449876,2017-01-25 03:04:35,1LmLrcjGBRJ3UudEzN13onF5dnQtpbwZ1z,1D38A8TJHAQfEGdoirE1WpXPEh7NMNHT5L,,,3.99479613
c43d5dc8530056293eb978ef344c15e5e512b00a5c992c3ff0182b8a3a95931a,449876,2017-01-25 03:04:35,1G7A7RTmoBVG8v3KXAxJDEGAuorLv1NKmK,1D38A8TJHAQfEGdoirE1WpXPEh7NMNHT5L,,,4.02799533
1ebb4c68073c72e828de5d91de504eecb66a85009601fb0b82fe8978f5b615b9,449882,2017-01-25 03:47:32,12dpT8HTBokFm7ZBJYJyL6LgXimjKsym2M,12dpT8HTBokFm7ZBJYJyL6LgXimjKsym2M,,,4.08963159
2aac247817dd7ad0dfb18a5da2feefa3904aa93fd4bf7d03b07aac383bd389ae,449882,2017-01-25 03:47:32,172Z9XsWVZNtMbapqwMArbLNqUMMVm6HKG,12dpT8HTBokFm7ZBJYJyL6LgXimjKsym2M,,,4.1192615
cdb854a2464b780f1f234cfa28fdb041634bea3df9237bf46516bd267b4471a0,449882,2017-01-25 03:47:32,1LY2Y3mL64bxPJmzEa1e6hwK42ojfXnQ5E,12dpT8HTBokFm7ZBJYJyL6LgXimjKsym2M,,,4.1190246
c412c2d223356b7d6bbd4acf031625f44f414dfa09f1d05be36fec39a9498045,449882,2017-01-25 03:47:32,1MrDzd74ZiCKmatgVChCcAuqhhLXcSNZqL,12dpT8HTBokFm7ZBJYJyL6LgXimjKsym2M,,,4.08349619
99810b75dc284876b2b793c322efbaa47663f91aa3787a96e11daaeeb0003e56,449885,2017-01-25 04:36:05,12ELAYhatdbqQmoQRbs9uunwGKGvcvCXZM,12ELAYhatdbqQmoQRbs9uunwGKGvcvCXZM,,,4.1383356
576600211a1ef2a68dc9b76285c3918de6083aed835681cd104aa6b2033c84e4,449885,2017-01-25 04:36:05,1MN42ydYbxsEkAMCm6oLCuCXKnBEJ7oCim,1MN42ydYbxsEkAMCm6oLCuCXKnBEJ7oCim,,,4.13866463
f30d80050be15a2d0f08abfe2a9dbea3ea8af826a18a285d5d467a9464bda161,449885,2017-01-25 04:36:05,1Kx2WY1EwQzXXHD3wAXhFGzLg9SW7x8S46,1Kx2WY1EwQzXXHD3wAXhFGzLg9SW7x8S46,,,4.1193642
e945a94b5a45ce94f10e167fd41c1bf810287211817a9bafc37ef28fd44a9cc7,449885,2017-01-25 04:36:05,17TYJUtktEuCiTizo3j9ijPK9uU2U3yKUc,1Kx2WY1EwQzXXHD3wAXhFGzLg9SW7x8S46,,,4.13580368
9a8fb83e254a69a1bcae77a3507d4ecd08b44b1c64d0e5c1a7210d5d1c114eef,449885,2017-01-25 04:36:05,1JueqU9KmCHcCLzYa37QcRsSmJNNzNCTgZ,1MN42ydYbxsEkAMCm6oLCuCXKnBEJ7oCim,,,4.14050879
8d0013a11577e51b9576ac1f74fffb2b35361f5fd377f890636865bb37e1b01a,449886,2017-01-25 04:44:15,1HaQbNXKuad7FEj4Yuosho3ZxKGtroYehc,1HaQbNXKuad7FEj4Yuosho3ZxKGtroYehc,,,4.1458594
c81e42f88cd23c3d3ded0780b0134cef0a1683a2183631507928cae123b5a287,449888,2017-01-25 05:17:51,1KXhENHNm9dRSFgeGuW5gzMpQmu3MJLFvb,1KXhENHNm9dRSFgeGuW5gzMpQmu3MJLFvb,,,4.16117947
a1b5214e32fd7e0c6c027f530fb755c6a192d35f821dcdb22a23e1f70a81dcac,449888,2017-01-25 05:17:51,1d8kmdn6TSQpkfcaU6r2fiXz5RCiagmVL,1d8kmdn6TSQpkfcaU6r2fiXz5RCiagmVL,,,4.15237719
75cda5d9cd9c605a17186527d69f54c077ea77e518a82f28be7c8937fe6dde87,449888,2017-01-25 05:17:51,1BAjMYnjMLPG1KYg7FotbigDy6LzaKPD9h,1BAjMYnjMLPG1KYg7FotbigDy6LzaKPD9h,,,4.1496
ccaac697727676e0852515f421a3f0727274386491b856c66ec12c2caafc4c17,449894,2017-01-25 05:52:03,15vrWRtHMaqhE54yPucDFZHs8a4BZVKVMn,1NTo6BEU7jciqhFMGWGjEKXegtdPyJtbrj,Xzzx.biz,exchange,4.17659523
bee7cb373d7aa00bae49a0a68892adacc212ace7305ee6663a33b5ee8d4034e7,450133,2017-01-26 19:26:21,12BJv7j6dn32VVNULn9ejTosumauACJzSg,12BJv7j6dn32VVNULn9ejTosumauACJzSg,,,4.1782072
835af9271ccee1af8880c2c9a7129295225ec3871d883c50056f5f790e26cfe3,450133,2017-01-26 19:26:21,1KK85vi9NEedRK24Cbb7XbrzGm9hdxnM9L,1KK85vi9NEedRK24Cbb7XbrzGm9hdxnM9L,,,4.19261444
58d6e81bd122c9c70638773ff8a62fe097d8b8d357227c5daf30619e6ef0a1a6,450133,2017-01-26 19:26:21,1MUAv1hmMr5UdJT2JbBk5KRXykpg1qEyFG,1MUAv1hmMr5UdJT2JbBk5KRXykpg1qEyFG,,,4.17950444
4d126acc3bc5274e753bef804e49baa9dd8c882a12204f6a9f37b46ec189a3f8,450134,2017-01-26 19:35:12,1DVsVWx5CbMJPqLoyCN7emd2qPgMRKbNv1,1DVsVWx5CbMJPqLoyCN7emd2qPgMRKbNv1,,,4.2321532
7b0a9fc48c44c4454bea580749f4931acb655ff630cb1a727a03ed34aff39fc8,450134,2017-01-26 19:35:12,11XgsFNfg8k1AuEwEDy5YiBBXAvc8hhS2,11XgsFNfg8k1AuEwEDy5YiBBXAvc8hhS2,,,4.20698633
145389a63ac79d35dae9f9be9e579ea2d8838773a695b1551ca835bef29fefb4,450134,2017-01-26 19:35:12,172yoXEyudU3vYHNYoXJu3TDi8HxY274G7,172yoXEyudU3vYHNYoXJu3TDi8HxY274G7,,,4.24148746
34428ad54cdde271d822ba47bcf034ec3d9f04fc0335ddfd0fcd058d672cb5b1,450134,2017-01-26 19:35:12,16t35Fhe2HqKN5XT2ocEd9Fe3eKm5UhRcm,16t35Fhe2HqKN5XT2ocEd9Fe3eKm5UhRcm,,,4.2069484
7d8da872892cba39071f05af235cfb7fe908d90823072af9c7de76a57dfc5893,450134,2017-01-26 19:35:12,1BW2bCuES9cq1P22FXtL9Rqb1HmiH1SaC,1BW2bCuES9cq1P22FXtL9Rqb1HmiH1SaC,,,4.194928
1cd9ee50b77f85da175d7d1a7f7efe81808fa74cf63e85615ae3b13cc506bd2d,450134,2017-01-26 19:35:12,12GLE7MGrDuMr6WuhZp6USPz1wB8t6nhEL,12GLE7MGrDuMr6WuhZp6USPz1wB8t6nhEL,,,4.2223176
ab48684d04a660fd0fa5cfc032d2f5daf81d2f37bba367a7c9e427a41a1efd2c,450134,2017-01-26 19:35:12,16cETFnCKfaHxkvt9GhuLywRA8xhH7tdP9,16cETFnCKfaHxkvt9GhuLywRA8xhH7tdP9,,,4.20800566
f679b2f9c1ba23cfc06f2ef9b976044eb5ac3b6bf8881dd77fa04136920c26f4,450134,2017-01-26 19:35:12,1H8Xuc8MzL8sMpnPT1xkSb2C6ZxG8eG4br,1H8Xuc8MzL8sMpnPT1xkSb2C6ZxG8eG4br,,,4.24054241
38761d0c7b1f976577e4a0f4bab17682f62b8d56aa53e480cb37f4696b811ae0,450134,2017-01-26 19:35:12,1HaDia6bh1VrvzgDZNrCQzJp7jkKgzwXgo,1HaDia6bh1VrvzgDZNrCQzJp7jkKgzwXgo,,,4.2345424
595e3d4430e5851018087720ee86d4dfb8c03fa190747ebc38fa702157ba80b4,450134,2017-01-26 19:35:12,15zJdzPpoVkAuUYh1tTQf1xRafaj7MJS6q,15zJdzPpoVkAuUYh1tTQf1xRafaj7MJS6q,,,4.24334741
badd2c39cdb2ff8f170c6ee8b0e77899dfe41a5855f0f3e5b38dbe3b25d7cf7c,450134,2017-01-26 19:35:12,15pAd3TbQMh7pgjba4meK8pgLHUaPrvJdJ,15pAd3TbQMh7pgjba4meK8pgLHUaPrvJdJ,,,4.2695
14aec5796323af5a23a5442ab66190f84e0d2876bed142bf8999722e3a1af972,450134,2017-01-26 19:35:12,1EK7xu7AKtNwm9b63NucCaQU84SCDEeB8W,1EK7xu7AKtNwm9b63NucCaQU84SCDEeB8W,,,4.21066299
1ba27617d7aa035e8f182689ff480148f2ec6507fccee1be167435ce3a0e0531,450138,2017-01-26 20:00:50,19HcjChJmWV3UegyGNVfu9TVCCLaFgdftX,19HcjChJmWV3UegyGNVfu9TVCCLaFgdftX,,,4.2711142
ce5cde91a495c6c7dcf1dfb376f5825d89c0e53e80db4f22ce173d63df2e92c2,450138,2017-01-26 20:00:50,1HfXRJKFXeQLqtPB9JE5rBLgz2fXEZZZSb,1HfXRJKFXeQLqtPB9JE5rBLgz2fXEZZZSb,,,4.27867049
2c5b319ac271c26041522d2e6b4e1f665288b3d30ee535f32b3b519902f485a8,450138,2017-01-26 20:00:50,19HcjChJmWV3UegyGNVfu9TVCCLaFgdftX,19HcjChJmWV3UegyGNVfu9TVCCLaFgdftX,,,4.26974416
78ce68a04c6750fdf5913994f9d37a7bc75a890a73de0ac6086058f636780e31,450138,2017-01-26 20:00:50,126qENHoEuwfQTRA2ZPjSsPe3wk1kemzWe,126qENHoEuwfQTRA2ZPjSsPe3wk1kemzWe,,,4.27600441
1198336b5f626b52528a69534397661bea62adf18d4c80157f4e89b6a31f6c10,450146,2017-01-26 21:14:08,1KnDWqMk5mTvbcUkLUpSyyLR8GceZTy2Gm,1KnDWqMk5mTvbcUkLUpSyyLR8GceZTy2Gm,,,4.39008496
c99261fd9dde5aefe4d01a7b7bc74dd5d0e5cb005508a7ae3102de90ec918a15,450146,2017-01-26 21:14:08,1QBr8VhFSxbA6KRBZnQkjGaXERDub6vfsH,1QBr8VhFSxbA6KRBZnQkjGaXERDub6vfsH,,,4.280891
3dd1758067b7eed37c5c70633129d54f61329bd9f274de89b0d3e72da01c651c,450146,2017-01-26 21:14:08,19RdWUBbfSnkRmqwvy3jH5FsebVGkYDHMU,19RdWUBbfSnkRmqwvy3jH5FsebVGkYDHMU,,,4.531834
cfdea5e98a24195fe6f3073b02fd1daf6dc09515680ec88a7e9cd3b1b6715a24,450146,2017-01-26 21:14:08,1AwSTiU6BJoCXW5iaovCdZgyvcFeaNP3bg,1AwSTiU6BJoCXW5iaovCdZgyvcFeaNP3bg,,,4.4396
cd2ac58eb2b8064560cee192ae22427a9c68eabeb5589feb1f9df35f67e5422b,450146,2017-01-26 21:14:08,1PSjzLf7QY7aTYos7AuTSVVNG8yyx6PNfk,1PSjzLf7QY7aTYos7AuTSVVNG8yyx6PNfk,,,4.40515541
23519942d540bb7e1588134512d94fe8244c9af8d5608345be562a2d5aa2d52c,450146,2017-01-26 21:14:08,129vhqY8daYM2FuwhzgZ1jdu3476FoFt7b,129vhqY8daYM2FuwhzgZ1jdu3476FoFt7b,,,4.32587596
08a09048b4a4737b904549eccb3c2d267175b90f202e99280793aa2d915dfa32,450146,2017-01-26 21:14:08,129vhqY8daYM2FuwhzgZ1jdu3476FoFt7b,129vhqY8daYM2FuwhzgZ1jdu3476FoFt7b,,,4.32349848
fc29ebc689e35b23a99d9bacc76ede12e9f72cc23079168ead840f92ef6f294c,450146,2017-01-26 21:14:08,1J5fP2e7o5iUNjniSZmjUx8CPLhmatHXBo,1J5fP2e7o5iUNjniSZmjUx8CPLhmatHXBo,,,4.4896
49ede7342a11861282282a554c44ed06ba1086c7260fda017231f29b8832624f,450146,2017-01-26 21:14:08,19RdWUBbfSnkRmqwvy3jH5FsebVGkYDHMU,19RdWUBbfSnkRmqwvy3jH5FsebVGkYDHMU,,,4.55767489
0fd3b64eeb757091dbefbf1ee92b4eb986ab28055eca5a4e9b18944dd3f7f05b,450146,2017-01-26 21:14:08,1PSjzLf7QY7aTYos7AuTSVVNG8yyx6PNfk,1PSjzLf7QY7aTYos7AuTSVVNG8yyx6PNfk,,,4.4092719
ebba2b7a97b6b27763f3aaafea98ae8def12b432f027e45be7e45edd92299167,450146,2017-01-26 21:14:08,19RdWUBbfSnkRmqwvy3jH5FsebVGkYDHMU,19RdWUBbfSnkRmqwvy3jH5FsebVGkYDHMU,,,4.56333041
2c1b68f0fe70d3435c57905307f9fe4c083184efe4c6a6c69e67e57ba700fe7a,450146,2017-01-26 21:14:08,1ACJf6LuKSFVLg7WutZhE4meSpcSBmixqn,1ACJf6LuKSFVLg7WutZhE4meSpcSBmixqn,,,4.44313868
672b590f2b10e631664915d5a82b2174799071d43016be3efadbbb5dbbdd7983,450146,2017-01-26 21:14:08,19RdWUBbfSnkRmqwvy3jH5FsebVGkYDHMU,19RdWUBbfSnkRmqwvy3jH5FsebVGkYDHMU,,,4.5238453
801649818dd7f330e816fffc9ef199a9ca59a9968a67ebe487f627e2ed84378b,450146,2017-01-26 21:14:08,19RdWUBbfSnkRmqwvy3jH5FsebVGkYDHMU,19RdWUBbfSnkRmqwvy3jH5FsebVGkYDHMU,,,4.54694366
4dc67b407d149cbd0a0bc70ca672c77a994c7347ae2327f02ea8e99563aaf39c,450146,2017-01-26 21:14:08,19RdWUBbfSnkRmqwvy3jH5FsebVGkYDHMU,19RdWUBbfSnkRmqwvy3jH5FsebVGkYDHMU,,,4.52797797
dc11be3337578ee1db22af26e2b3efe70f6d44ca8172bb5fa8135acc63f3569f,450146,2017-01-26 21:14:08,1J5fP2e7o5iUNjniSZmjUx8CPLhmatHXBo,1J5fP2e7o5iUNjniSZmjUx8CPLhmatHXBo,,,4.47906812
690d86016f1cc3bfadc948ce17d3b0c763c0e6d6f1819f7a2137622d515457af,450146,2017-01-26 21:14:08,1AwSTiU6BJoCXW5iaovCdZgyvcFeaNP3bg,1AwSTiU6BJoCXW5iaovCdZgyvcFeaNP3bg,,,4.42989115
4a1f5f0172cc5e68fd7f4f0f48b0d17526cb1b7203518cda3bf95faf531113b0,450146,2017-01-26 21:14:08,14KBEixioiuRyFNPLaXJ7cvoYtE2kbrtW6,14KBEixioiuRyFNPLaXJ7cvoYtE2kbrtW6,,,4.36754148
e3072df54038ee151dd67d0e5eb2a1e5b00af40dc8422032c7db81bd4f3da1b0,450146,2017-01-26 21:14:08,15iZuUHSSmkmtDioEPteTAJ3Xvgb8D7Mv1,15iZuUHSSmkmtDioEPteTAJ3Xvgb8D7Mv1,,,4.30558559
7630e3c124ac39afba4edd69723ffa40569eaa69535804360a95e61e564f6ab8,450146,2017-01-26 21:14:08,1J5fP2e7o5iUNjniSZmjUx8CPLhmatHXBo,1J5fP2e7o5iUNjniSZmjUx8CPLhmatHXBo,,,4.4896
e4cfd90b087f98e17e914d8b31d2f683b9e5a1224aa20a3afe872584863e8ab9,450146,2017-01-26 21:14:08,15iZuUHSSmkmtDioEPteTAJ3Xvgb8D7Mv1,15iZuUHSSmkmtDioEPteTAJ3Xvgb8D7Mv1,,,4.30727584
267f2f363c9720e3c6a53e5d83307c2ff0eed066996a537ad9896d6dcc9d82ba,450146,2017-01-26 21:14:08,19RdWUBbfSnkRmqwvy3jH5FsebVGkYDHMU,19RdWUBbfSnkRmqwvy3jH5FsebVGkYDHMU,,,4.5196
fa27b8f93586872f298bb691b3707bc8546531a7105044bd2e738f00b98213bc,450146,2017-01-26 21:14:08,1QBr8VhFSxbA6KRBZnQkjGaXERDub6vfsH,1QBr8VhFSxbA6KRBZnQkjGaXERDub6vfsH,,,4.2841506
620b4f72966882a893ac7e5462d65c5b7db167869da984475de28eec04ebcfbe,450146,2017-01-26 21:14:08,1ACJf6LuKSFVLg7WutZhE4meSpcSBmixqn,1ACJf6LuKSFVLg7WutZhE4meSpcSBmixqn,,,4.44280396
fce856514024b80646bc879f519558e25416f953b7e6e213a7befabb39ccafc6,450146,2017-01-26 21:14:08,129vhqY8daYM2FuwhzgZ1jdu3476FoFt7b,129vhqY8daYM2FuwhzgZ1jdu3476FoFt7b,,,4.32546284
29d9b08f65ff50285a55584664cc66c881dd065cad6f054528667e62f6e74fd4,450146,2017-01-26 21:14:08,14KBEixioiuRyFNPLaXJ7cvoYtE2kbrtW6,14KBEixioiuRyFNPLaXJ7cvoYtE2kbrtW6,,,4.35236305
f3a10d8c2d476e906df420de95413cc6bc4457df7d1264747c9c6d25a0b7c3e6,450146,2017-01-26 21:14:08,15iZuUHSSmkmtDioEPteTAJ3Xvgb8D7Mv1,15iZuUHSSmkmtDioEPteTAJ3Xvgb8D7Mv1,,,4.31998386
c4b8b3e37760810bccd0595f8080d691de7a01bcc8349f3d6dc368d8ab2800f1,450146,2017-01-26 21:14:08,1PSjzLf7QY7aTYos7AuTSVVNG8yyx6PNfk,1PSjzLf7QY7aTYos7AuTSVVNG8yyx6PNfk,,,4.4113123
06fc77e565d4e04a1d1009bc88542165aa8f1e658156ed84779e2022ee91e6fa,450146,2017-01-26 21:14:08,1AwSTiU6BJoCXW5iaovCdZgyvcFeaNP3bg,1AwSTiU6BJoCXW5iaovCdZgyvcFeaNP3bg,,,4.41425467
945575a11d8ae142f2c9319e21f3ba0b1044a5f65bd6a720b5a521aa90049011,450146,2017-01-26 21:14:08,1FE8NsPmwN8Be1WcLeD2noKsNCJoiDZmzZ,1FE8NsPmwN8Be1WcLeD2noKsNCJoiDZmzZ,,,4.49673948
8b3e894485a9bf09d1160d36c4ddd662ae7c1f7489c9c03e54b475c82cfa1719,450146,2017-01-26 21:14:08,1KnDWqMk5mTvbcUkLUpSyyLR8GceZTy2Gm,1KnDWqMk5mTvbcUkLUpSyyLR8GceZTy2Gm,,,4.39092
f26388ca78e1ed1e5f42cb8c02fb30588994688d10321f913ec9b385dc85041c,450146,2017-01-26 21:14:08,1J5fP2e7o5iUNjniSZmjUx8CPLhmatHXBo,1J5fP2e7o5iUNjniSZmjUx8CPLhmatHXBo,,,4.4878922
d566fb24e1603fa8189fe699fa08084caa8d5145b32d3839754c8900e82d7a1e,450146,2017-01-26 21:14:08,15iZuUHSSmkmtDioEPteTAJ3Xvgb8D7Mv1,15iZuUHSSmkmtDioEPteTAJ3Xvgb8D7Mv1,,,4.30229009
9845dcf69bc8e300f85613a24be9c82496814d9ba5ae3e004c4f12cba205b11f,450146,2017-01-26 21:14:08,1FE8NsPmwN8Be1WcLeD2noKsNCJoiDZmzZ,1FE8NsPmwN8Be1WcLeD2noKsNCJoiDZmzZ,,,4.49856685
79e8c42c77d1dc88d3f9a3ecd3190e6b1da2a44b201ee35945f0693810e13c22,450146,2017-01-26 21:14:08,1K9LuRMAczW74PQFpB7SrrXtKnvWBRMxaT,1K9LuRMAczW74PQFpB7SrrXtKnvWBRMxaT,,,4.4631557
9d0ce4aca2e4e714af4fa8a5b7fa77cbd315f5be0a473e55d0625c4d28d26426,450146,2017-01-26 21:14:08,1ACJf6LuKSFVLg7WutZhE4meSpcSBmixqn,1ACJf6LuKSFVLg7WutZhE4meSpcSBmixqn,,,4.4437644
56db63598c7b704ff06e1a9be2579d5e1b1c834ae47b7ca085132f9e6054482c,450146,2017-01-26 21:14:08,1ACJf6LuKSFVLg7WutZhE4meSpcSBmixqn,1ACJf6LuKSFVLg7WutZhE4meSpcSBmixqn,,,4.45092292
ac3eb68146e27b3f6f6527cc279c9b662d2a525d03bfa516b0cc844a2a0d2331,450146,2017-01-26 21:14:08,15iZuUHSSmkmtDioEPteTAJ3Xvgb8D7Mv1,15iZuUHSSmkmtDioEPteTAJ3Xvgb8D7Mv1,,,4.29235875
9eb702202a424d9667b3648bf23c4579058323837fe97b5101771f00f7eaf23d,450146,2017-01-26 21:14:08,1QBr8VhFSxbA6KRBZnQkjGaXERDub6vfsH,1QBr8VhFSxbA6KRBZnQkjGaXERDub6vfsH,,,4.28325051
dd45a4232c0c4f1cdc034df4ab7d694cd2d2360f3cea66b463d313820f81b748,450146,2017-01-26 21:14:08,19RdWUBbfSnkRmqwvy3jH5FsebVGkYDHMU,19RdWUBbfSnkRmqwvy3jH5FsebVGkYDHMU,,,4.5590388
a97c12a476e04989e20e5545386cd7e30b434b1b787a38d3c455defc20d24f49,450146,2017-01-26 21:14:08,14KBEixioiuRyFNPLaXJ7cvoYtE2kbrtW6,14KBEixioiuRyFNPLaXJ7cvoYtE2kbrtW6,,,4.34748675
2f8f149dfbd44700a0e6c629e3cb62fdc9a39f65d7f7fe889e810b8cd5a8464f,450146,2017-01-26 21:14:08,1K9LuRMAczW74PQFpB7SrrXtKnvWBRMxaT,1K9LuRMAczW74PQFpB7SrrXtKnvWBRMxaT,,,4.46743461
4f1456d2ac2e00e3011b6c9987e19660ae0771efd6906f3250b84aaed6f9f451,450146,2017-01-26 21:14:08,1KnDWqMk5mTvbcUkLUpSyyLR8GceZTy2Gm,1KnDWqMk5mTvbcUkLUpSyyLR8GceZTy2Gm,,,4.38103049
a08d2ee738ad74c920348595ced6c5cdabe43f1593f7ec8fa08ff4393a298d53,450146,2017-01-26 21:14:08,1AwSTiU6BJoCXW5iaovCdZgyvcFeaNP3bg,1AwSTiU6BJoCXW5iaovCdZgyvcFeaNP3bg,,,4.43443725
76a8bc375a34a8ef2738fe1dfc48aaa1f647f6878b6612fd3af68a5275d9c756,450146,2017-01-26 21:14:08,19RdWUBbfSnkRmqwvy3jH5FsebVGkYDHMU,19RdWUBbfSnkRmqwvy3jH5FsebVGkYDHMU,,,4.57058918
e1788336c1a734b351ce004015386042781a1561e6ef5e95d60dba26b8fb5178,450146,2017-01-26 21:14:08,1KnDWqMk5mTvbcUkLUpSyyLR8GceZTy2Gm,1KnDWqMk5mTvbcUkLUpSyyLR8GceZTy2Gm,,,4.3808
50a72bd137c03a2ebbcffec89a4760e4edac5b8203eef9a3d3ff378ffc3e3179,450146,2017-01-26 21:14:08,129vhqY8daYM2FuwhzgZ1jdu3476FoFt7b,129vhqY8daYM2FuwhzgZ1jdu3476FoFt7b,,,4.32422411
f4dc3852319d5f99249b8d43f8db9c6b3613fade7aff2e5792a2e118f3f72583,450146,2017-01-26 21:14:08,1FE8NsPmwN8Be1WcLeD2noKsNCJoiDZmzZ,1FE8NsPmwN8Be1WcLeD2noKsNCJoiDZmzZ,,,4.50169965
8d65bc4b80023db0a62e73defb31fd5c30b3db32f51329954f628614ecdbdc85,450146,2017-01-26 21:14:08,1ACJf6LuKSFVLg7WutZhE4meSpcSBmixqn,1ACJf6LuKSFVLg7WutZhE4meSpcSBmixqn,,,4.442676
cc8f8583f1ab56b97baeb2349d93f3da256126d3ca05d360d0a3d03999b06992,450146,2017-01-26 21:14:08,1QBr8VhFSxbA6KRBZnQkjGaXERDub6vfsH,1QBr8VhFSxbA6KRBZnQkjGaXERDub6vfsH,,,4.27667195
b73c0c07f19d71a55da5a6568a974daf0439b21fc61baf18ae67262b6a1d06a7,450146,2017-01-26 21:14:08,14KBEixioiuRyFNPLaXJ7cvoYtE2kbrtW6,14KBEixioiuRyFNPLaXJ7cvoYtE2kbrtW6,,,4.34867387
cac944fa7f528fd32bd5a2d278b1fd6520c8f232b48ff7b928efcb9d132136ab,450146,2017-01-26 21:14:08,1K9LuRMAczW74PQFpB7SrrXtKnvWBRMxaT,1K9LuRMAczW74PQFpB7SrrXtKnvWBRMxaT,,,4.4766
381865c417d0ef065616a26e8b72ba475add236817983c4997bec430559653ae,450146,2017-01-26 21:14:08,1FE8NsPmwN8Be1WcLeD2noKsNCJoiDZmzZ,1FE8NsPmwN8Be1WcLeD2noKsNCJoiDZmzZ,,,4.5031
f6d3b4482d61b04172e5a4d76aafa5c6158e381b8f638012e38df1b101b484b7,450146,2017-01-26 21:14:08,1FE8NsPmwN8Be1WcLeD2noKsNCJoiDZmzZ,1FE8NsPmwN8Be1WcLeD2noKsNCJoiDZmzZ,,,4.50935468
570a56da79f93555fb9622abf775850426204d5f2e7b9c62b6d4b90e4013d5bd,450146,2017-01-26 21:14:08,19RdWUBbfSnkRmqwvy3jH5FsebVGkYDHMU,19RdWUBbfSnkRmqwvy3jH5FsebVGkYDHMU,,,4.55429724
0f67aa3f1ff1f8fbe845c50cc3d1b145f3868b7ad862bed2d2fe05aeb45380bf,450146,2017-01-26 21:14:08,1J5fP2e7o5iUNjniSZmjUx8CPLhmatHXBo,1J5fP2e7o5iUNjniSZmjUx8CPLhmatHXBo,,,4.4794
e285c4c4bb58e05ef56cc739fe36edb08fe3b66b33c31bf6da383b2a6a2692bf,450146,2017-01-26 21:14:08,1K9LuRMAczW74PQFpB7SrrXtKnvWBRMxaT,1K9LuRMAczW74PQFpB7SrrXtKnvWBRMxaT,,,4.45810393
7e3b70742232a88276ac0d70e5f4aad6b02bb6277745567bfd90baca0090efc7,450146,2017-01-26 21:14:08,1K9LuRMAczW74PQFpB7SrrXtKnvWBRMxaT,1K9LuRMAczW74PQFpB7SrrXtKnvWBRMxaT,,,4.46168268
f714e1aad8f11552e80236388844045178f0f40d1a3d386ce6b4df10850436cf,450146,2017-01-26 21:14:08,129vhqY8daYM2FuwhzgZ1jdu3476FoFt7b,129vhqY8daYM2FuwhzgZ1jdu3476FoFt7b,,,4.33130093
c72a5b4955dfe49f6aabbd5e6fb24aff18e4f228e8f6ff6ea3a893b224003cd5,450146,2017-01-26 21:14:08,14KBEixioiuRyFNPLaXJ7cvoYtE2kbrtW6,14KBEixioiuRyFNPLaXJ7cvoYtE2kbrtW6,,,4.35364257
04f646bd23e6ea0391db8f7abc2c8ce7b2b33f6cc3a3936eba83cfb7cf2a9cd5,450146,2017-01-26 21:14:08,1PSjzLf7QY7aTYos7AuTSVVNG8yyx6PNfk,1PSjzLf7QY7aTYos7AuTSVVNG8yyx6PNfk,,,4.40950337
89497b4079fcfafeb1aa991772b9b35aeb6fcace231a4816d017a9a1327d63db,450146,2017-01-26 21:14:08,1QBr8VhFSxbA6KRBZnQkjGaXERDub6vfsH,1QBr8VhFSxbA6KRBZnQkjGaXERDub6vfsH,,,4.2922
97559fde7d5de6a3df07bb2f2b3ed6d9937dc81fa275ddd8fbef62f6a392cede,450146,2017-01-26 21:14:08,1KnDWqMk5mTvbcUkLUpSyyLR8GceZTy2Gm,1KnDWqMk5mTvbcUkLUpSyyLR8GceZTy2Gm,,,4.37421
26b01dc8bd270331b9620661bf0c200dffc84ef6f5c61e41d8b9b5544494afe7,450146,2017-01-26 21:14:08,1PSjzLf7QY7aTYos7AuTSVVNG8yyx6PNfk,1PSjzLf7QY7aTYos7AuTSVVNG8yyx6PNfk,,,4.39051658
cc1fb88ceed22d35c90a86249bb21706ce4adc1372c555cde068604f0f5477ec,450146,2017-01-26 21:14:08,1AwSTiU6BJoCXW5iaovCdZgyvcFeaNP3bg,1AwSTiU6BJoCXW5iaovCdZgyvcFeaNP3bg,,,4.41976084
b1f67ffdd4762a7c88e7e8ade0715a3b24eebd761e0ae33cf2cac0cf3b59f1fa,450147,2017-01-26 21:23:51,1JMXr5ZaMCar1VGJtHa84mJSRiSUBWuqFp,1JMXr5ZaMCar1VGJtHa84mJSRiSUBWuqFp,,,4.82741801
b44cfa195c2ecb4f184720b02802d7750ac0b08308389fd770b62a75ec15c1f6,450147,2017-01-26 21:23:51,1NGRjbawvDUoqCFFURqryPVvb2npvfh3jz,1NGRjbawvDUoqCFFURqryPVvb2npvfh3jz,,,4.5795055
78775777b55510b7c14003adfa23d9b471f4a3771d4fd5d3804c6ca3d6743ef0,450147,2017-01-26 21:23:51,1JCaoW6NJxUeKzntRVYug2MqFp2dvAno77,1JCaoW6NJxUeKzntRVYug2MqFp2dvAno77,,,4.6188611
92db2ca3510d4358f5f531ada119ff1cb17df3483043550814336f074dec59e9,450147,2017-01-26 21:23:51,1JCaoW6NJxUeKzntRVYug2MqFp2dvAno77,1JCaoW6NJxUeKzntRVYug2MqFp2dvAno77,,,4.63829299
0d5749f6770ddf952c226f49690c55c17b570ff3dddbeada1df94670dfefc9e4,450147,2017-01-26 21:23:51,1HpaHr2pQmVPuFWwNKm7hqjndQPMULNYz5,1HpaHr2pQmVPuFWwNKm7hqjndQPMULNYz5,,,4.66938169
4bf4c66b377f848c16b18c4a9fcf146d94a5668947bac3eb1168627b1774ead8,450147,2017-01-26 21:23:51,1JCaoW6NJxUeKzntRVYug2MqFp2dvAno77,1JCaoW6NJxUeKzntRVYug2MqFp2dvAno77,,,4.60473913
56688bda925003c499484e15e47b46e58c330cb030aac7bf6246d68c8751f9b9,450147,2017-01-26 21:23:51,1JMXr5ZaMCar1VGJtHa84mJSRiSUBWuqFp,1JMXr5ZaMCar1VGJtHa84mJSRiSUBWuqFp,,,4.78310357
a805f8d034e9fe48a0dfb1e7791a6d71256462c4ed96eeb234ad3604c8914db8,450147,2017-01-26 21:23:51,1HpaHr2pQmVPuFWwNKm7hqjndQPMULNYz5,1HpaHr2pQmVPuFWwNKm7hqjndQPMULNYz5,,,4.70620886
611af6a40f54c6cd0d573559cd1ef425ec72b5cd78d9b2bc77d57ca0bf69c0b4,450147,2017-01-26 21:23:51,1NGRjbawvDUoqCFFURqryPVvb2npvfh3jz,1NGRjbawvDUoqCFFURqryPVvb2npvfh3jz,,,4.58017965
1207ec8f0ea4e284f5558cf4aa6b5f5fd775847dfab8d8e2d7d5013240123bb3,450147,2017-01-26 21:23:51,1JCaoW6NJxUeKzntRVYug2MqFp2dvAno77,1JCaoW6NJxUeKzntRVYug2MqFp2dvAno77,,,4.64212825
32ada8928f44681a7fe04353a176c397fc04fd65a6980ce9dc568aba4819c2b2,450147,2017-01-26 21:23:51,1NGRjbawvDUoqCFFURqryPVvb2npvfh3jz,1NGRjbawvDUoqCFFURqryPVvb2npvfh3jz,,,4.59232434
1e0a3bed519a88c932b34ed2bcff94674a1f9087d639e64b7537e344f11029a8,450147,2017-01-26 21:23:51,1HpaHr2pQmVPuFWwNKm7hqjndQPMULNYz5,1HpaHr2pQmVPuFWwNKm7hqjndQPMULNYz5,,,4.68485868
9e2909768f5177bb770deb9deb1cd38174f92b4b7155f532aaac83d6bd88f79a,450147,2017-01-26 21:23:51,1HpaHr2pQmVPuFWwNKm7hqjndQPMULNYz5,1HpaHr2pQmVPuFWwNKm7hqjndQPMULNYz5,,,4.6516333
b0c41d29e3423bfb2479a108da4d26392fb33070d4a009f32ca57159135e9e97,450147,2017-01-26 21:23:51,1HpaHr2pQmVPuFWwNKm7hqjndQPMULNYz5,1HpaHr2pQmVPuFWwNKm7hqjndQPMULNYz5,,,4.73452445
f99d6461d05f3920646506749ee6ef31b349206c7e991dc938f6b986fd49da71,450147,2017-01-26 21:23:51,1JMXr5ZaMCar1VGJtHa84mJSRiSUBWuqFp,1JMXr5ZaMCar1VGJtHa84mJSRiSUBWuqFp,,,4.78034563
9ec57af34cd4c7361b9974257ae5d46c559983a02d3990f0ac1c052967e94d61,450147,2017-01-26 21:23:51,1JMXr5ZaMCar1VGJtHa84mJSRiSUBWuqFp,1JMXr5ZaMCar1VGJtHa84mJSRiSUBWuqFp,,,4.81023634
b8db53be52134a0603f10a178df161da76850dde17ee9517311b4aaf1a887a48,450147,2017-01-26 21:23:51,1HpaHr2pQmVPuFWwNKm7hqjndQPMULNYz5,1HpaHr2pQmVPuFWwNKm7hqjndQPMULNYz5,,,4.69374343
d9fe13626d1ac092fd407dd1f28181d419fe49cad9969accea1f7ce33181ca30,450147,2017-01-26 21:23:51,1NGRjbawvDUoqCFFURqryPVvb2npvfh3jz,1NGRjbawvDUoqCFFURqryPVvb2npvfh3jz,,,4.5924758
741e72896d2460418b2367d9c6e800ad716716fbca2a8e7b1765cc63be35c72d,450147,2017-01-26 21:23:51,1NGRjbawvDUoqCFFURqryPVvb2npvfh3jz,1NGRjbawvDUoqCFFURqryPVvb2npvfh3jz,,,4.60513894
b4b954d92a295a2e81cf2e0a181cf0ed5ce539bf82693ff6beebf42810e3d607,450147,2017-01-26 21:23:51,1HpaHr2pQmVPuFWwNKm7hqjndQPMULNYz5,1HpaHr2pQmVPuFWwNKm7hqjndQPMULNYz5,,,4.72139801
e53476967c23d5e5032e68c48ed058fa9824d5c656522ac6fd96690be2815700,450147,2017-01-26 21:23:51,1JCaoW6NJxUeKzntRVYug2MqFp2dvAno77,1JCaoW6NJxUeKzntRVYug2MqFp2dvAno77,,,4.61442103
be62bd94067528a406386bc3302dd9eaaafa3601e65a66e63204fedcb0a665fd,450147,2017-01-26 21:23:51,1JCaoW6NJxUeKzntRVYug2MqFp2dvAno77,1JCaoW6NJxUeKzntRVYug2MqFp2dvAno77,,,4.61712429
7294dd9a9649ca2387195d25dec2377974f62b3eb3856e9705960328d980a8e7,450147,2017-01-26 21:23:51,1JMXr5ZaMCar1VGJtHa84mJSRiSUBWuqFp,1JMXr5ZaMCar1VGJtHa84mJSRiSUBWuqFp,,,4.85547283
980e2a615eb89d320ddb2352138d4a3142e619db35b34fb3766744180e3acbe5,450147,2017-01-26 21:23:51,1JMXr5ZaMCar1VGJtHa84mJSRiSUBWuqFp,1JMXr5ZaMCar1VGJtHa84mJSRiSUBWuqFp,,,4.7879053
b0fddc94711e0b1d9329ca0c30d2165c09e1839e4bc72c3f490e4e19c570b7d3,450147,2017-01-26 21:23:51,1NGRjbawvDUoqCFFURqryPVvb2npvfh3jz,1NGRjbawvDUoqCFFURqryPVvb2npvfh3jz,,,4.60479324
d7d8861f3080c73c04ef51db01f91b8485bbeed1578fc5e4cdb07f9ef80893a8,450147,2017-01-26 21:23:51,1JCaoW6NJxUeKzntRVYug2MqFp2dvAno77,1JCaoW6NJxUeKzntRVYug2MqFp2dvAno77,,,4.633793
3a043e99cba2ea78d2478ae991430769138cacf2400cc09e4165ecb4de7ad1a6,450147,2017-01-26 21:23:51,1JMXr5ZaMCar1VGJtHa84mJSRiSUBWuqFp,1JMXr5ZaMCar1VGJtHa84mJSRiSUBWuqFp,,,4.8289554
0665464193d227fc905f980082d00fddf4f232e45c44bc1008ea35a44a4ceea3,450147,2017-01-26 21:23:51,1NGRjbawvDUoqCFFURqryPVvb2npvfh3jz,1NGRjbawvDUoqCFFURqryPVvb2npvfh3jz,,,4.5781046
8a870bb6761b3b316d86b76f80a62b6e8bd9dea3080eb05471f5c55049f529a0,450147,2017-01-26 21:23:51,1JMXr5ZaMCar1VGJtHa84mJSRiSUBWuqFp,1JMXr5ZaMCar1VGJtHa84mJSRiSUBWuqFp,,,4.83350202
a439eb553626f122ca54805057803c5855c579912cda3e32195fbd21ba2f5e93,450147,2017-01-26 21:23:51,1JMXr5ZaMCar1VGJtHa84mJSRiSUBWuqFp,1JMXr5ZaMCar1VGJtHa84mJSRiSUBWuqFp,,,4.79403398
2f2024a7ebc7bdb6101612bf107ed3001eac191c9ae08c9fb6a7460e6999aa77,450147,2017-01-26 21:23:51,1JCaoW6NJxUeKzntRVYug2MqFp2dvAno77,1JCaoW6NJxUeKzntRVYug2MqFp2dvAno77,,,4.6249108
d50ce547443f4b44ed657098ad309894be3f6cda8b97f9d362ae0a54bb5ed170,450147,2017-01-26 21:23:51,1NGRjbawvDUoqCFFURqryPVvb2npvfh3jz,1NGRjbawvDUoqCFFURqryPVvb2npvfh3jz,,,4.58498478
2b274572d154a76b1c61a9e9dc8302df78517d09b81e206372ae198090a89f64,450147,2017-01-26 21:23:51,1HpaHr2pQmVPuFWwNKm7hqjndQPMULNYz5,1HpaHr2pQmVPuFWwNKm7hqjndQPMULNYz5,,,4.71813445
552074b136ea3e808a18b69fd8f898bb02714a8a22df805d31a8c436cfc1b149,450147,2017-01-26 21:23:51,1HpaHr2pQmVPuFWwNKm7hqjndQPMULNYz5,1HpaHr2pQmVPuFWwNKm7hqjndQPMULNYz5,,,4.74571527
34649760c527c6a0bb5524c0679f39857183168556552dbf9f7061336c02c745,450147,2017-01-26 21:23:51,1JMXr5ZaMCar1VGJtHa84mJSRiSUBWuqFp,1JMXr5ZaMCar1VGJtHa84mJSRiSUBWuqFp,,,4.85869585
3448334755be86e91751da9b8b0ebd479fa7721122281ace31440c0295efca30,450147,2017-01-26 21:23:51,1NGRjbawvDUoqCFFURqryPVvb2npvfh3jz,1NGRjbawvDUoqCFFURqryPVvb2npvfh3jz,,,4.58784025
838d389533e5688c3345041c54c8b8408338e8501cf21a639aeffd47e7e71e2c,450147,2017-01-26 21:23:51,1NGRjbawvDUoqCFFURqryPVvb2npvfh3jz,1NGRjbawvDUoqCFFURqryPVvb2npvfh3jz,,,4.59904919
2f20b3e222c88d468df289fa82b3792122cad407970a30a2d9342a5717089f1f,450147,2017-01-26 21:23:51,1HpaHr2pQmVPuFWwNKm7hqjndQPMULNYz5,1HpaHr2pQmVPuFWwNKm7hqjndQPMULNYz5,,,4.67621526
59798855ffd1ce2873817be1f790516a9fa0295f98f12f274c80b2422b50be0a,450147,2017-01-26 21:23:51,1JCaoW6NJxUeKzntRVYug2MqFp2dvAno77,1JCaoW6NJxUeKzntRVYug2MqFp2dvAno77,,,4.62748409
2d76ca92257f5f96c632231d1055041ce6fb3d9b3b51fa2b3f655b78314a4e08,450147,2017-01-26 21:23:51,1JCaoW6NJxUeKzntRVYug2MqFp2dvAno77,1JCaoW6NJxUeKzntRVYug2MqFp2dvAno77,,,4.628
905dc36cc0b7cb532ed087334dd453f90cef6c50dcda6b03f857facf453a55e8,450151,2017-01-26 21:54:44,19nCCh8i8XS7FohsXEoxDRH4MicqDTXXer,19nCCh8i8XS7FohsXEoxDRH4MicqDTXXer,,,4.90740238
95081fb8321725b6d84e7c869c576edeea988e225130b24dc20c76de0558fcd2,450151,2017-01-26 21:54:44,1CHt1bJbJUV9cueJf1B59XW1LjmciNGnCx,1CHt1bJbJUV9cueJf1B59XW1LjmciNGnCx,,,4.9388532
236ed1dbd169859eed1ed1ecb10923bd4bbf438b47318e67c6e9372a5d723d88,450151,2017-01-26 21:54:44,1MfAQ5AupmgAqwUJebD7HaKiJ7hrxLJwnF,1MfAQ5AupmgAqwUJebD7HaKiJ7hrxLJwnF,,,4.9061034
1e83e80c170c75be31a766a43224f4c24e8c2a33d91ad8fda299da3374276c84,450151,2017-01-26 21:54:44,1k8nYYaXYS51Kp9L5XuWseCrEZKJkoY6r,1k8nYYaXYS51Kp9L5XuWseCrEZKJkoY6r,,,4.8618331
9d618943fd09ca1444e43287a9f573292d0805b73388b80bd7335bd4f4524251,450151,2017-01-26 21:54:44,19nCCh8i8XS7FohsXEoxDRH4MicqDTXXer,19nCCh8i8XS7FohsXEoxDRH4MicqDTXXer,,,4.9196
0cb7466188e9ccc0fbfa5ef2df047eb961289a2ba9e8198abe99afa8b3fcf850,450151,2017-01-26 21:54:44,1k8nYYaXYS51Kp9L5XuWseCrEZKJkoY6r,1k8nYYaXYS51Kp9L5XuWseCrEZKJkoY6r,,,4.87044
1d611ba31ca0e3ca1cfd24c4bae8927f00b91c8da460ef8417d80aeb94eead4e,450151,2017-01-26 21:54:44,1G8oebXXdZ7zjhLxdWchLgjxsK1fpwE7nJ,1G8oebXXdZ7zjhLxdWchLgjxsK1fpwE7nJ,,,4.88768179
133c3f55f30873d5d6e1012e59b1c56f15b32e7f359a89ac29c7174b51499626,450151,2017-01-26 21:54:44,1LKn2AUmimmvVxQSZq722vvKb7ZnvLXhMQ,19nCCh8i8XS7FohsXEoxDRH4MicqDTXXer,,,4.92323338
9778c70d63671e590eef996da8b5f08f5fd0a57a315b750b318919f8befef0e5,450151,2017-01-26 21:54:44,1HYBCTLQ9EPsaJ4hJqS5puE5yoTDDEANA3,1HYBCTLQ9EPsaJ4hJqS5puE5yoTDDEANA3,,,4.87603181
60e4cfd0c559010f317fe637b24a55f1d7183e5d2a3847b69623da7d9fa318be,450151,2017-01-26 21:54:44,1LKn2AUmimmvVxQSZq722vvKb7ZnvLXhMQ,19nCCh8i8XS7FohsXEoxDRH4MicqDTXXer,,,4.92441832
abc8955371ff8ea74a574a2922dbd866e3381c95ad777ea2811ade87617454a4,450151,2017-01-26 21:54:44,1CHt1bJbJUV9cueJf1B59XW1LjmciNGnCx,1CHt1bJbJUV9cueJf1B59XW1LjmciNGnCx,,,4.92793141
b61f79b80b8fcbca58fb84e347c25a0daa68483ca8377673796322b4f14a219d,450151,2017-01-26 21:54:44,1HYBCTLQ9EPsaJ4hJqS5puE5yoTDDEANA3,1HYBCTLQ9EPsaJ4hJqS5puE5yoTDDEANA3,,,4.87885608
2cfc4fae3cbda594b54cd68b9c10443eaa60c448d823a83103bec9ec5bdcf680,450151,2017-01-26 21:54:44,1MfAQ5AupmgAqwUJebD7HaKiJ7hrxLJwnF,1MfAQ5AupmgAqwUJebD7HaKiJ7hrxLJwnF,,,4.8896
330ba884ba5cb02e7733f694caf07ff811dc622c4c5f5e03ce8c588d3584c52f,450151,2017-01-26 21:54:44,1G8oebXXdZ7zjhLxdWchLgjxsK1fpwE7nJ,1G8oebXXdZ7zjhLxdWchLgjxsK1fpwE7nJ,,,4.8896
74b1c156408ba85461cbbcdd3dccd5c0f1d2f5447d8da657a65f376b123847fd,450172,2017-01-27 00:55:17,1JNVWDgaFLR3hfHS6e5PwJWhgqx5DNoszy,1JNVWDgaFLR3hfHS6e5PwJWhgqx5DNoszy,,,4.9894
e8e6d092b9dcfee16cd33c3e0f6b7617a5fa37c4c54554d9d3430c75b2428ecc,450172,2017-01-27 00:55:17,13yCmaZjjpMLzRC1MXtRxdaacxCdNSomoD,13yCmaZjjpMLzRC1MXtRxdaacxCdNSomoD,,,4.9840492
b127c2df662bb5ae80699c27a6fafdf91ce00135ce59f50e0c3b84cd620ac5c0,450172,2017-01-27 00:55:17,1ZMeEoUqooBtwZwczjNPtkJznkpD1CxG1,1ZMeEoUqooBtwZwczjNPtkJznkpD1CxG1,,,4.98147822
50c3af71b2ae34a2c7ea872bc2b1846a05d719adc328481bf0aa35569edb98a2,450172,2017-01-27 00:55:17,15ZF8VbkCiYfk4sMAiuegLieTVKENvz8ch,15ZF8VbkCiYfk4sMAiuegLieTVKENvz8ch,,,4.9895
aeb78208162aef7f261ef07b2c2f7888e104f4c1217fb5c3dd52cdbd1d81679d,450172,2017-01-27 00:55:17,1CUvRF1inUt8gDtFELCeMykD1VRj2RTjrf,1CUvRF1inUt8gDtFELCeMykD1VRj2RTjrf,,,4.9886
0d32426f46e208fa3c37f37cb5cdc5d78134e1a0350468c83c4678d7a9682163,450172,2017-01-27 00:55:17,12vTF74yUsXrhLRqGGsWhWnomn8jyFpQLH,12vTF74yUsXrhLRqGGsWhWnomn8jyFpQLH,,,4.96103811
601cf02992cea0a382dddb0654ae8db1021de2b58696b70194d4925176684e48,450172,2017-01-27 00:55:17,1DysBqEjU9P4n3kz6qWsUqoPkkN5XyiuaS,1DysBqEjU9P4n3kz6qWsUqoPkkN5XyiuaS,,,4.9651416
354540e299ef2ec3b994937bc5ce5ff2cc407916347788b16fa215a1b807c232,450172,2017-01-27 00:55:17,1LCC74BqJmjcKuWZDGbQBCfQ9dDZcQohfp,1LCC74BqJmjcKuWZDGbQBCfQ9dDZcQohfp,,,4.95726343
25817f40e65fc965ea554a0bf7ab6517f8eb614af91bf93c5fefc08e36321b1b,450172,2017-01-27 00:55:17,1NYKBghB2XL7fvjttKcRit7DFXJEaSaGfz,1NYKBghB2XL7fvjttKcRit7DFXJEaSaGfz,,,4.95590407
ae156e7dfb9a5bae23451ca35517ad7d0b1b54e346fcc03c4bc744f1c2e1abf3,450172,2017-01-27 00:55:17,15yRUjAYzHSpEhWciN2fydfozmn2Q5BY4Y,15yRUjAYzHSpEhWciN2fydfozmn2Q5BY4Y,,,4.9894
2c5f7eb2e8e00a2a4e76cc7b65589eb04005b3f11e95b5b7cf2e4e75cfd9fee3,450172,2017-01-27 00:55:17,1CJ847F53tkfW1RzXUuL1MSjnUAE9ijsqp,1CJ847F53tkfW1RzXUuL1MSjnUAE9ijsqp,,,4.94032559
ef79c9d508930764a4cecf675754124d33b3724446bf105180cd3b9f270666d1,450172,2017-01-27 00:55:17,1GUEk6zFWFK4q4uFsqEZFb9KS9LvkVcNEz,1GUEk6zFWFK4q4uFsqEZFb9KS9LvkVcNEz,,,4.97937395
cf791553e809d9160c0aae79e4f7745cd8eaa4c8f746aa8ad6ae5fca6616bbcb,450172,2017-01-27 00:55:17,1LbeaSmAW82KmEiRx77uWT4daScitLQ8Tj,1LbeaSmAW82KmEiRx77uWT4daScitLQ8Tj,,,4.9628663
f7d6f72e74bcac44d4cf01dc0d7ae2c04fc595288aaf0d0aeaf02470a88336c8,450172,2017-01-27 00:55:17,14cyp4tSUfaarhdau9BB6jFmF25kg5VbMr,14cyp4tSUfaarhdau9BB6jFmF25kg5VbMr,,,4.98914708
85821929581cd80720b00595ade72dfe051683ed567ebe9e64e5e176330402a2,450172,2017-01-27 00:55:17,1Nig5AyrosTzuZf7ohrawzsbttby1hRy5L,1Nig5AyrosTzuZf7ohrawzsbttby1hRy5L,,,4.9891
73a5de9d3d0567f4dd7c15374932237433e41295de29225326d088798f052171,450172,2017-01-27 00:55:17,15djTif4McPeSQjV1gTp69Yhc7pw66XKVy,15djTif4McPeSQjV1gTp69Yhc7pw66XKVy,,,4.9896
655ba02fc15d27f206cc94af27dacb9617c4bb12f2c682c6c6884dbd32f1e370,450172,2017-01-27 00:55:17,166ZhgtsKhVekMBcBpGAdgHJPxLG39FPua,166ZhgtsKhVekMBcBpGAdgHJPxLG39FPua,,,4.9846
020e83c27064fbf017a5895e09167450ac3ed0f30f2460681c8aa22ddcb5e947,450172,2017-01-27 00:55:17,1KVhW4Qq52y1n9qyK8M1BpQRJf6LwhwuSV,1KVhW4Qq52y1n9qyK8M1BpQRJf6LwhwuSV,,,4.982595
c41672a9287250f15eedca9c2508f9104aa85b188fbf95f34f065187bf69d01d,450172,2017-01-27 00:55:17,1VGHbZYU2JXM78Up4voyzco8NR9pqMYYm,1VGHbZYU2JXM78Up4voyzco8NR9pqMYYm,,,4.9896
fd8185e23bec4bac942d846aa0e28bc92e3148c6861c777ccb37c198a7c0b60c,450172,2017-01-27 00:55:17,1JTbCPGiNd2CxQA1ksvPHUnULRXXfTJB9T,1JTbCPGiNd2CxQA1ksvPHUnULRXXfTJB9T,,,4.9846